condition,trial,clip,stick_frame,patch_frame,stick_pick_radius,patch_pick_radius,exclusion_reason
60-on,1,clip1,100,107,0,0,
60-on,2,clip1,200,208,0,0,
60-on,3,clip1,300,309,0,0,
60-on,4,clip1,400,410,0,0,
60-on,5,clip1,500,511,0,0,
60-on,6,clip1,600,612,0,0,
60-on,7,clip1,700,713,0,0,
60-on,8,clip1,800,814,0,0,
60-on,9,clip1,900,915,0,0,
60-on,10,clip1,1000,1016,0,0,
60-on,11,clip1,1100,1117,0,0,
60-on,12,clip1,1200,1218,0,0,
60-on,13,clip1,1300,1319,0,0,
60-on,14,clip1,1400,1420,0,0,
60-on,15,clip1,1500,1507,0,0,
60-on,16,clip1,1600,1608,0,0,
60-on,17,clip1,1700,1709,0,0,
60-on,18,clip1,1800,1810,0,0,
60-on,19,clip1,1900,1911,0,0,
60-on,20,clip1,2000,2012,0,0,
60-on,21,clip1,,,,,Synthetic excluded trial: patch obscured
