depth_m,height_px,fov_vertical_deg,span_angle_to_image_plane_deg,span_px,patch_200mm_px,seam_2mm_px
20,720,50,0,58.828113843418215,7.720224913834412,0.07720224913834411
20,720,50,60,29.446115128094934,3.86018483538287,0.03860112464154917
20,720,50,80,10.22979666713734,1.3406354927258355,0.013406029907166276
20,1080,50,0,88.24217076512734,11.58033737075162,0.1158033737075162
20,1080,50,60,44.16917269214241,5.790277253074306,0.05790168696232376
20,1080,50,80,15.344695000706013,2.0109532390887535,0.020109044860749416
50,720,50,0,23.531245537367287,3.0880899655337646,0.030880899655337645
50,720,50,60,11.767672617233394,1.5440496149157275,0.01544044983230096
50,720,50,80,4.087078537306806,0.5362432752807202,0.005362411951945007
50,1080,50,0,35.29686830605093,4.6321349483006475,0.04632134948300647
50,1080,50,60,17.651508925850095,2.3160744223735916,0.023160674748451442
50,1080,50,80,6.13061780596021,0.8043649129210805,0.008043617927917511
100,720,50,0,11.765622768683643,1.5440449827668823,0.015440449827668823
100,720,50,60,5.883067581933801,0.7720230704007441,0.007720224914413429
100,720,50,80,2.0431940123945913,0.2681208575292605,0.0026812059751923963
100,1080,50,0,17.648434153025466,2.3160674741503238,0.023160674741503236
100,1080,50,60,8.824601372900704,1.1580346056011164,0.011580337371620146
100,1080,50,80,3.064791018591887,0.4021812862938908,0.004021808962788595
